Workbook

Sheet CAPTURA INMUEBLE
A1: DATOS DE LA VIVIENDA A ANALIZAR
A3: DOMICILIO DEL INMUEBLE:
A5: Calle: | B5: VILLA NAPOLES
A6: No. Oficial: | B6: 168
A7: Colonia o Fraccionamiento: | B7: PRIVADA DE LAS VILLAS
A8: Municipio: | B8: GARCIA
A9: Estado: | B9: Nuevo Léon.
A11: Descripción del inmueble: | B11: Casa de dos plantas, área social amplia, patio con pequeña alberca. 1 recamara, 2 baños completos, cocina integral, lavandería, minisplits, aires lavados, abanicos de techo, acabados en piedra y madera.
A14: Superficie de Construcción: | B14: 168 | C14: m².
A16: Superficie de Terreno: | B16: 90 | C16: m².
A18: Edad: | B18: 20 | C18: Años. | J18: Ross | K18: Factor
A20: Estado de Conservación: | B20: 8 | I20: =1-J20 -> 0.2345851 | J20: =(1-(POWER(B18/60,1.4)))*K20 -> 0.7654149 | K20: =LOOKUP(B20,{1;2;3;4;5;6;7;8;9;10},{0;0.135;0.248;0.474;0.668;0.819;0.9191;0.9748;0.9968;1}) -> 0.9748
A21: Equipamiento: | B21: 100000
A22: Valor unitario de construcción: | B22: 13500
A24: Asesor: | B24: ANGELA GALARZA
A25: Contacto: | B25: 8131259988
A26: Email:: | B26: angie.galarzah@gmail.com

Sheet C. REFERENCIAS
A1: REFERENCIA No. 1 | D1: REFERENCIA No. 2 | G1: REFERENCIA No. 3
A3: PRECIO DE VENTA o RENTA: | B3: 950000 | D3: PRECIO DE VENTA o RENTA: | E3: 730000 | G3: PRECIO DE VENTA o RENTA: | H3: 2450000
A5: CALLE: | B5: VILLA VALENCIA | D5: CALLE: | E5: NA | G5: CALLE: | H5: NA
A6: COLONIA O FRACCIONAMIENTO: | B6: PRIV DE LAS VILLAS | D6: COLONIA O FRACCIONAMIENTO: | E6: LAS VILLAS | G6: COLONIA O FRACCIONAMIENTO: | H6: MITRAS PONIENTE
A7: MUNICIPIO: | B7: GARCIA | D7: MUNICIPIO: | E7: GARCIA | G7: MUNICIPIO: | H7: GARCIA
A8: ESTADO: | B8: NUEVO LEÓN | D8: ESTADO: | E8: NUEVO LEÓN | G8: ESTADO: | H8: NUEVO LEÓN
A10: SUPERFICE DE TERRENO: | B10: 90 | C10: m². | D10: SUPERFICE DE TERRENO: | E10: 97 | F10: m². | G10: SUPERFICE DE TERRENO: | H10: 105 | I10: m².
A11: SUPERFICE DE CONSTRUCIÓN: | B11: 75 | C11: m². | D11: SUPERFICE DE CONSTRUCIÓN: | E11: 50 | F11: m². | G11: SUPERFICE DE CONSTRUCIÓN: | H11: 188 | I11: m².
A13: EDAD DEL INMUEBLE: | B13: 20 | D13: EDAD DEL INMUEBLE: | E13: 20 | G13: EDAD DEL INMUEBLE: | H13: 15
A14: Nota: Si no se sabe la edad poner la misma que la del inmueble a analizar | D14: Nota: Si no se sabe la edad poner la misma que la del inmueble a analizar | G14: Nota: Si no se sabe la edad poner la misma que la del inmueble a analizar
A16: CONSERVACIÓN: | B16: 7 | D16: CONSERVACIÓN: | E16: 7 | G16: CONSERVACIÓN: | H16: 8
A18: Calif. | B18: Estado | C18: SUGERENCIAS PARA LA SELECCIÓN DEL ESTADO DE CONSERVACIÓN:
A19: 1 | B19: Inservible | C19: Vivienda inservible, que debería ser demolida para aprovechar el terreno en el que se ubica.
A20: 2 | B20: Desecho | C20: Vivienda con condiciones inapropiadas que debería ser remodelada o demolida.
A21: 3 | B21: Malo | C21: Vivienda con problemas evidentes, que requiere de reparaciones mayores.
A22: 4 | B22: Regular | C22: Vivienda sin mantenimiento con necesidad de reparaciones importantes. (NO ES SUJETA DE CRÉDITO EN ALGUNAS ONAVI's)
A23: 5 | B23: Normal bajo | C23: Vivienda usada sin mantenimiento, que requiere algunas reparaciones sencillas, pero se encuentra en condiciones habitables.
A24: 6 | B24: Normal | C24: Vivienda usada con mantenimiento escaso o mínimo evidente, que requiere ligeras reparaciones.
A25: 7 | B25: Bueno | C25: La mayoría de viviendas con uso promedio que requieren mantenimiento menor.
A26: 8 | B26: Muy Bueno | C26: Vivienda seminueva con detalles de mantenimiento menor (pintura básicamente).
A27: 9 | B27: Excelente | C27: Vivienda sin usar generalmente, con algunos detalles de Mantenimiento mínimos (concluida hace 6 a 12 meses).
A28: 10 | B28: Nuevo | C28: Vivienda sin usar, concluida en los últimos 6 meses.
C59: 10
C60: 9
C61: 8
C62: 7
C63: 6
C64: 5
C65: 4
C66: 3
C67: 2
C68: 1

Sheet ANALISIS CON CONSTRUCCIÓN
A1: ESTIMADO DE VALOR
A3: 1. ANALISIS DE MERCADO
A5: =CONCATENATE("INMUEBLE UBICADO EN"," ",'CAPTURA INMUEBLE'!A5," ",'CAPTURA INMUEBLE'!B5," ","No."," ",'CAPTURA INMUEBLE'!B6,","," ",'CAPTURA INMUEBLE'!B7,","," ",'CAPTURA INMUEBLE'!B8,","," ",'CAPTURA INMUEBLE'!B9) -> INMUEBLE UBICADO EN Calle: VILLA NAPOLES No. 168, PRIVADA DE LAS VILLAS, GARCIA, Nuevo Léon.
A7: Descripción del inmueble: | C7: ='CAPTURA INMUEBLE'!B11 -> Casa de dos plantas, área social amplia, patio con pequeña alberca. 1 recamara, 2 baños completos, cocina integral, lavandería, minisplits, aires lavados, abanicos de techo, acabados en piedra y madera.
A9: No. | B9: UBICACIÓN DE LA OFERTA: | F9: SUP. DE TERRENO. | H9: SUP. DE CONST. | I9: EDAD EN AÑOS | J9: PRECIO DE VENTA
A10: 1 | B10: =CONCATENATE('C. REFERENCIAS'!B5,","," ","COL."," ",'C. REFERENCIAS'!B6,","," ",'C. REFERENCIAS'!B7,","," ",'C. REFERENCIAS'!B8) -> VILLA VALENCIA, COL. PRIV DE LAS VILLAS , GARCIA, NUEVO LEÓN | F10: ='C. REFERENCIAS'!B10 -> 90 | H10: ='C. REFERENCIAS'!B11 -> 75 | I10: ='C. REFERENCIAS'!B13 -> 20 | J10: ='C. REFERENCIAS'!B3 -> 950000 | O10: Edad años | Q10: Calif. | R10: Factor | S10: ROSS-HEIDECKE
B11: Estado de conservación: | I11: ='C. REFERENCIAS'!B16 -> 7 | O11: =I10 -> 20 | P11: 60 | Q11: =I11 -> 7 | R11: =LOOKUP(Q11,{1;2;3;4;5;6;7;8;9;10},{0;0.135;0.248;0.474;0.668;0.819;0.9191;0.9748;0.9968;1}) -> 0.9191 | S11: =(1-(POWER(O11/P11,1.4)))*R11 -> 0.72167915 | T11: =1-S11 -> 0.27832085 | U11: ='CAPTURA INMUEBLE'!I20-T11 -> -0.043735751
A13: 2 | B13: =CONCATENATE('C. REFERENCIAS'!E5,","," ","COL."," ",'C. REFERENCIAS'!E6,","," ",'C. REFERENCIAS'!E7,","," ",'C. REFERENCIAS'!E8) -> NA, COL. LAS VILLAS, GARCIA, NUEVO LEÓN | F13: ='C. REFERENCIAS'!E10 -> 97 | H13: ='C. REFERENCIAS'!E11 -> 50 | I13: ='C. REFERENCIAS'!E13 -> 20 | J13: ='C. REFERENCIAS'!E3 -> 730000
B14: Estado de conservación: | I14: ='C. REFERENCIAS'!E16 -> 7 | O14: =I13 -> 20 | P14: =P11 -> 60 | Q14: =I14 -> 7 | R14: =LOOKUP(Q14,{1;2;3;4;5;6;7;8;9;10},{0;0.135;0.248;0.474;0.668;0.819;0.9191;0.9748;0.9968;1}) -> 0.9191 | S14: =(1-(POWER(O14/P14,1.4)))*R14 -> 0.72167915 | T14: =1-S14 -> 0.27832085 | U14: ='CAPTURA INMUEBLE'!I20-T14 -> -0.043735751
A16: 3 | B16: =CONCATENATE('C. REFERENCIAS'!H5,","," ","COL."," ",'C. REFERENCIAS'!H6,","," ",'C. REFERENCIAS'!H7,","," ",'C. REFERENCIAS'!H8) -> NA, COL. MITRAS PONIENTE, GARCIA, NUEVO LEÓN | F16: ='C. REFERENCIAS'!H10 -> 105 | H16: ='C. REFERENCIAS'!H11 -> 188 | I16: ='C. REFERENCIAS'!H13 -> 15 | J16: ='C. REFERENCIAS'!H3 -> 2450000
B17: Estado de conservación: | I17: ='C. REFERENCIAS'!H16 -> 8 | O17: =I16 -> 15 | P17: =P11 -> 60 | Q17: =I17 -> 8 | R17: =LOOKUP(Q17,{1;2;3;4;5;6;7;8;9;10},{0;0.135;0.248;0.474;0.668;0.819;0.9191;0.9748;0.9968;1}) -> 0.9748 | S17: =(1-(POWER(O17/P17,1.4)))*R17 -> 0.83483111 | T17: =1-S17 -> 0.16516889 | U17: ='CAPTURA INMUEBLE'!I20-'ANALISIS CON CONSTRUCCIÓN'!T17 -> 0.069416201
A20: OFERTA | B20: PRECIO OFERTADO | C20: SUP. | D20: PRECIO/m². | E20: FACTORES DE HOMOLOGACIÓN | L20: FRe | M20: VALOR
C21: m². | E21: Zona | F21: Ubicac. | G21: Sup. | H21: Edad | I21: Equipamiento | K21: Negoc. | M21: RESULT.$/M2 | W21: Nuevo
A22: 1 | B22: ='C. REFERENCIAS'!B3 -> 950000 | C22: =H10 -> 75 | D22: =+B22/C22 -> 12666.667 | E22: 1 | F22: 1 | G22: =((H10/F10)/(E31/C31))^(1/3) -> 0.76427677 | H22: =1-U11 -> 1.0437358 | I22: 1 | K22: 1.05 | L22: =E22*F22*G22*H22*I22*K22 -> 0.83758814 | M22: =+D22*L22 -> 10609.45 | W22: Excelente
A23: 2 | B23: ='C. REFERENCIAS'!E3 -> 730000 | C23: =H13 -> 50 | D23: =+B23/C23 -> 14600 | E23: 1 | F23: 1 | G23: =((H13/F13)/(E31/C31))^(1/3) -> 0.65119416 | H23: =1-U14 -> 1.0437358 | I23: 1 | K23: 1.05 | L23: =E23*F23*G23*H23*I23*K23 -> 0.71365836 | M23: =+D23*L23 -> 10419.412 | W23: Muy Bueno
A24: 3 | B24: ='C. REFERENCIAS'!H3 -> 2450000 | C24: =H16 -> 188 | D24: =+B24/C24 -> 13031.915 | E24: 1 | F24: 1.05 | G24: =((H16/F16)/(E31/C31))^(1/3) -> 0.98620513 | H24: =1-U17 -> 0.9305838 | I24: 1 | K24: 1 | L24: =E24*F24*G24*H24*I24*K24 -> 0.96363385 | M24: =+D24*L24 -> 12557.994 | W24: Bueno
W25: Normal Bajo
K26: PROMEDIO: | L26: $/m². | M26: =AVERAGE(M22:M24) -> 11195.619 | W26: Regular
K27: VALOR UNITARIO APLICADO: | M27: =ROUND(M26,-1) -> 11200 | W27: Malo
W28: Desecho
C29: SUPERFICIE DE | E29: SUPERFICIE DE ÁREA | H29: EDAD EN | I29: VALOR POR | K29: VALOR DE | W29: Inservible
B30: FRACCIÓN | C30: TERRENO | E30: VENDIBLE CONSTRUCCIÓN | H30: AÑOS ** | I30: m². DE ÁREA VENDIBLE | K30: MERCADO
B31: I | C31: ='CAPTURA INMUEBLE'!B16 -> 90 | E31: ='CAPTURA INMUEBLE'!B14 -> 168 | H31: ='CAPTURA INMUEBLE'!B18 -> 20 | I31: =$M$27 -> 11200 | K31: =I31*E31 -> 1881600 | O31: PORCENTAJE/FISICO
B32: ** La edad es supuesta según lo mencionado en documentación proporcionada. | O32: =(K33*P32)/#REF! -> #REF! | P32: 1
J33: VALOR DE MERCADO: | K33: =ROUNDUP(K31,-3) -> 1882000
B35: V. Construcciones | E35: V. Equipamiento | G35: V. Terreno | I35: V.U. Terreno
B36: =('CAPTURA INMUEBLE'!B22*'CAPTURA INMUEBLE'!B14)*(100%-('CAPTURA INMUEBLE'!I20)) -> 1735961 | E36: ='CAPTURA INMUEBLE'!B21 -> 100000 | G36: =K33-B36-E36 -> 46038.996 | I36: =G36/C31 -> 511.5444
A38: 2. CONCLUSIONES DEL ANALISIS
B40: VALOR PARAMETRICO PROMEDIO:
B41: Valor maximo: | C41: =M27*1.1 -> 12320 | E41: =ROUNDUP(E31*C41,-3) -> 2070000 | H41: *
B42: Valor medio: | C42: =M27*1 -> 11200 | E42: =ROUNDUP(E31*C42,-3) -> 1882000 | H42: **
B43: Valor minimo: | C43: =M27*0.9 -> 10080 | E43: =ROUNDUP(E31*C43,-3) -> 1694000 | H43: ***
B45: * Valor maximo de la vivienda para poder estar dentro del mercado activo.
B46: ** Valor real de la vivienda según mercado activo en la zona.
B47: *** Valor que se puede considerar como valor piso de la vivienda, es decir el valor minimo de venta o renta en condiciones normales.
A49: Asesor: | C49: ='CAPTURA INMUEBLE'!B24 -> ANGELA GALARZA
A50: Contacto: | C50: ='CAPTURA INMUEBLE'!B25 -> 8131259988
A51: Email : | C51: ='CAPTURA INMUEBLE'!B26 -> angie.galarzah@gmail.com
